{
  "project_info": {
    "project_number": "324109179835",
    "firebase_url": "https://advise-b2292.firebaseio.com",
    "project_id": "advise-b2292",
    "storage_bucket": "advise-b2292.appspot.com"
  },
  "client": [
    {
      "client_info": {
        "mobilesdk_app_id": "1:324109179835:android:0ea1ea29ebedf73c",
        "android_client_info": {
          "package_name": "com.obeng3146.advise"
        }
      },
      "oauth_client": [
        {
          "client_id": "324109179835-kralr7jjk3v8gj7fbgg4eih246omao6h.apps.googleusercontent.com",
          "client_type": 1,
          "android_info": {
            "package_name": "com.obeng3146.advise",
            "certificate_hash": "5efd89aecc2b70d53ad6f48944d5b1ce57c2d0cd"
          }
        },
        {
          "client_id": "324109179835-4b6r4rqp7s4distkjnjbvgosgr9s4v3k.apps.googleusercontent.com",
          "client_type": 3
        }
      ],
      "api_key": [
        {
          "current_key": "AIzaSyAo2V_BOzFjJZHMmV8jWcT-YRwVfUdP0tQ"
        }
      ],
      "services": {
        "analytics_service": {
          "status": 1
        },
        "appinvite_service": {
          "status": 2,
          "other_platform_oauth_client": [
            {
              "client_id": "324109179835-4b6r4rqp7s4distkjnjbvgosgr9s4v3k.apps.googleusercontent.com",
              "client_type": 3
            }
          ]
        },
        "ads_service": {
          "status": 2
        }
      }
    }
  ],
  "configuration_version": "1"
}